"Id","OwnerId","IsDeleted","Name","CreatedDate","CreatedById","LastModifiedDate","LastModifiedById","SystemModstamp","LastActivityDate","Jugador1__c","Jugador2__c"
"a01WU00000EFZwgYAH","005WU000003PODVYA4","0","Las 1","2024-05-24 15:18:51","005WU000003PODVYA4","2024-05-24 15:18:51","005WU000003PODVYA4","2024-05-24 15:18:51","","a02WU000001JDIkYAO","a02WU000001JDSPYA4"
"a01WU00000EFiS5YAL","005WU000003PODVYA4","0","Chingalan","2024-05-24 15:14:49","005WU000003PODVYA4","2024-05-24 15:15:47","005WU000003PODVYA4","2024-05-24 15:15:47","","a02WU000001JDLxYAO","a02WU000001JDIvYAO"
"a01WU00000EFiiDYAT","005WU000003PODVYA4","0","Los 1","2024-05-24 15:16:43","005WU000003PODVYA4","2024-05-24 15:16:43","005WU000003PODVYA4","2024-05-24 15:16:43","","a02WU000001JDIuYAO","a02WU000001JDNZYA4"
"a01WU00000EFiqHYAT","005WU000003PODVYA4","0","Los super Pibes","2024-05-24 15:18:10","005WU000003PODVYA4","2024-05-24 15:18:10","005WU000003PODVYA4","2024-05-24 15:18:10","","a02WU000001JCJeYAO","a02WU000001JDQnYAO"
"a01WU00000EFiyLYAT","005WU000003PODVYA4","0","Las super pivas","2024-05-24 15:19:30","005WU000003PODVYA4","2024-05-24 15:19:30","005WU000003PODVYA4","2024-05-24 15:19:30","","a02WU000001JDU1YAO","a02WU000001JDIlYAO"
