"Id","IsDeleted","Name","CreatedDate","CreatedById","LastModifiedDate","LastModifiedById","SystemModstamp","Propietario__c","Animal__c","Color__c","Fecha_de_nacimiento__c","Notas__c","Peso__c"
"a02d20000003UOMAA2","0","Fito","2024-05-19 18:42:20","005d2000000BLh3AAG","2024-05-19 18:42:20","005d2000000BLh3AAG","2024-05-19 18:42:20","a01d2000000irIXAAY","a00d2000000TyTrAAK","Marrón claro","2018-05-04 00:00:00","perro muy elegante","10"
"a02d20000003UmLAAU","0","Rufus","2024-05-19 18:43:42","005d2000000BLh3AAG","2024-05-19 18:43:42","005d2000000BLh3AAG","2024-05-19 18:43:42","a01d2000000irIXAAY","a00d2000000TzBPAA0","Marrón","2019-05-10 00:00:00","Muy inteligente","15"
"a02d20000003UnxAAE","0","Conan","2024-05-19 18:46:06","005d2000000BLh3AAG","2024-05-19 18:46:06","005d2000000BLh3AAG","2024-05-19 18:46:06","a01d2000000irISAAY","a00d2000000U2UEAA0","Blanco y negro","2021-04-29 00:00:00","Se te queda mirando","6"
"a02d20000003UpZAAU","0","Odín","2024-05-19 18:47:10","005d2000000BLh3AAG","2024-05-19 18:47:10","005d2000000BLh3AAG","2024-05-19 18:47:10","a01d2000000it44AAA","a00d2000000U2afAAC","Marrón claro","2020-05-07 00:00:00","Se pone de pié","6"
"a02d20000003UrBAAU","0","Teddy","2024-05-19 18:48:13","005d2000000BLh3AAG","2024-05-19 18:48:13","005d2000000BLh3AAG","2024-05-19 18:48:13","a01d2000000irINAAY","a00d2000000U2cHAAS","Negro","2019-05-25 00:00:00","Blanco como la nieve","14"
"a02d20000003nKLAAY","0","Kiko","2024-05-20 15:21:16","005d2000000BLh3AAG","2024-05-20 15:21:16","005d2000000BLh3AAG","2024-05-20 15:21:16","a01d2000000irIMAAY","a00d2000000YjR1AAK","Marrón","2008-05-01 00:00:00","Un perro muy bonito","8"
"a02d20000003nQnAAI","0","Pipo","2024-05-20 15:22:14","005d2000000BLh3AAG","2024-05-20 15:22:14","005d2000000BLh3AAG","2024-05-20 15:22:14","a01d2000000it44AAA","a00d2000000YxC9AAK","Marrón","2022-04-30 00:00:00","Muy pequeño","15"
